response_mode,n,speaker_correct,party_correct,speaker_target_available,party_target_available,tool_call_rate,error_rate,median_ms,p95_ms,max_ms
deterministic,400,1.0,0.8875,0.525,0.6375,0.0,0.0,0.00372948125004765,0.007188273593783336,0.0656656920909881
llm,800,0.3175,0.31375,0.39,0.57125,0.88375,0.0,1824.7447502799332,2715.4930784832686,6657.159666530788
slm,800,0.265,0.24625,0.39,0.57125,0.04375,0.035,2958.9443327859044,7718.545153876767,596037.0825827122
